DROP TABLE IF EXISTS sales;
DROP TABLE IF EXISTS menu_item;
DROP TABLE IF EXISTS store;

CREATE TABLE IF NOT EXISTS menu_item (
    id INT PRIMARY KEY,
    item_name VARCHAR(50),
    price INT,
    category VARCHAR(20)
);

CREATE TABLE IF NOT EXISTS store (
    id INT PRIMARY KEY,
    store_name VARCHAR(50),
    prefecture VARCHAR(10)
);

CREATE TABLE IF NOT EXISTS sales (
    id INT PRIMARY KEY,
    menu_item_id INT,
    store_id INT,
    date DATE,
    FOREIGN KEY (menu_item_id) REFERENCES menu_item (id),
    FOREIGN KEY (store_id) REFERENCES store (id)
);

INSERT IGNORE INTO menu_item VALUES (1,'和風ハンバーグセット',980,'セット');
INSERT IGNORE INTO menu_item VALUES (2,'生姜焼き定食',780,'セット');
INSERT IGNORE INTO menu_item VALUES (3,'チキンステーキセット',690,'セット');
INSERT IGNORE INTO menu_item VALUES (4,'ペペロンチーノ',880,'パスタ');
INSERT IGNORE INTO menu_item VALUES (5,'ミートソース',880,'パスタ');
INSERT IGNORE INTO menu_item VALUES (6,'明太子スパゲティ',740,'パスタ');
INSERT IGNORE INTO menu_item VALUES (7,'豆腐サラダ',399,'サラダ');
INSERT IGNORE INTO menu_item VALUES (8,'トマトのサラダ',410,'サラダ');
INSERT IGNORE INTO menu_item VALUES (9,'シーザーサラダ',460,'サラダ');
INSERT IGNORE INTO menu_item VALUES (10,'生ビール',399,'ドリンク');
INSERT IGNORE INTO menu_item VALUES (11,'ハイボール',299,'ドリンク');
INSERT IGNORE INTO menu_item VALUES (12,'コーラ',150,'ドリンク');
INSERT IGNORE INTO menu_item VALUES (13,'ストロベリーパフェ',520,'デザート');
INSERT IGNORE INTO menu_item VALUES (14,'抹茶パフェ',520,'デザート');
INSERT IGNORE INTO menu_item VALUES (15,'クリームあんみつ',550,'デザート');

INSERT IGNORE INTO store VALUES (1,'東川口店','埼玉県');
INSERT IGNORE INTO store VALUES (2,'大宮店','埼玉県');
INSERT IGNORE INTO store VALUES (3,'千葉末広店','千葉県');
INSERT IGNORE INTO store VALUES (4,'市川国分店','千葉県');
INSERT IGNORE INTO store VALUES (5,'菊名駅前店','神奈川県');
INSERT IGNORE INTO store VALUES (6,'鶴見駅東口店','神奈川県');
INSERT IGNORE INTO store VALUES (7,'渋谷駅前店','東京都');
INSERT IGNORE INTO store VALUES (8,'新宿小滝橋通店','東京都');

INSERT IGNORE INTO sales VALUES (1,10,4,'2020-04-21');
INSERT IGNORE INTO sales VALUES (2,7,8,'2020-04-11');
INSERT IGNORE INTO sales VALUES (3,14,6,'2020-04-12');
INSERT IGNORE INTO sales VALUES (4,14,1,'2020-04-04');
INSERT IGNORE INTO sales VALUES (5,7,6,'2020-04-27');
INSERT IGNORE INTO sales VALUES (6,4,1,'2020-04-08');
INSERT IGNORE INTO sales VALUES (7,9,7,'2020-04-28');
INSERT IGNORE INTO sales VALUES (8,4,4,'2020-04-14');
INSERT IGNORE INTO sales VALUES (9,4,2,'2020-04-19');
INSERT IGNORE INTO sales VALUES (10,12,3,'2020-04-26');
INSERT IGNORE INTO sales VALUES (11,2,4,'2020-04-21');
INSERT IGNORE INTO sales VALUES (12,10,4,'2020-04-13');
INSERT IGNORE INTO sales VALUES (13,13,6,'2020-04-28');
INSERT IGNORE INTO sales VALUES (14,7,8,'2020-04-15');
INSERT IGNORE INTO sales VALUES (15,8,4,'2020-04-03');
INSERT IGNORE INTO sales VALUES (16,14,6,'2020-04-12');
INSERT IGNORE INTO sales VALUES (17,14,7,'2020-04-23');
INSERT IGNORE INTO sales VALUES (18,3,2,'2020-04-19');
INSERT IGNORE INTO sales VALUES (19,13,6,'2020-04-09');
INSERT IGNORE INTO sales VALUES (20,7,1,'2020-04-17');
INSERT IGNORE INTO sales VALUES (21,1,8,'2020-04-14');
INSERT IGNORE INTO sales VALUES (22,1,3,'2020-04-09');
INSERT IGNORE INTO sales VALUES (23,2,8,'2020-04-16');
INSERT IGNORE INTO sales VALUES (24,15,2,'2020-04-25');
INSERT IGNORE INTO sales VALUES (25,13,6,'2020-04-28');
INSERT IGNORE INTO sales VALUES (26,6,4,'2020-04-09');
INSERT IGNORE INTO sales VALUES (27,10,1,'2020-04-14');
INSERT IGNORE INTO sales VALUES (28,15,3,'2020-04-30');
INSERT IGNORE INTO sales VALUES (29,13,6,'2020-04-17');
INSERT IGNORE INTO sales VALUES (30,9,5,'2020-04-16');
INSERT IGNORE INTO sales VALUES (31,9,4,'2020-04-02');
INSERT IGNORE INTO sales VALUES (32,14,5,'2020-04-07');
INSERT IGNORE INTO sales VALUES (33,6,6,'2020-04-17');
INSERT IGNORE INTO sales VALUES (34,7,4,'2020-04-18');
INSERT IGNORE INTO sales VALUES (35,13,8,'2020-04-06');
INSERT IGNORE INTO sales VALUES (36,8,4,'2020-04-12');
INSERT IGNORE INTO sales VALUES (37,15,4,'2020-04-20');
INSERT IGNORE INTO sales VALUES (38,10,6,'2020-04-29');
INSERT IGNORE INTO sales VALUES (39,7,8,'2020-04-03');
INSERT IGNORE INTO sales VALUES (40,8,8,'2020-04-10');
INSERT IGNORE INTO sales VALUES (41,6,2,'2020-04-14');
INSERT IGNORE INTO sales VALUES (42,5,8,'2020-04-16');
INSERT IGNORE INTO sales VALUES (43,7,4,'2020-04-01');
INSERT IGNORE INTO sales VALUES (44,7,3,'2020-04-11');
INSERT IGNORE INTO sales VALUES (45,13,4,'2020-04-06');
INSERT IGNORE INTO sales VALUES (46,14,2,'2020-04-17');
INSERT IGNORE INTO sales VALUES (47,6,4,'2020-04-14');
INSERT IGNORE INTO sales VALUES (48,4,8,'2020-04-27');
INSERT IGNORE INTO sales VALUES (49,7,7,'2020-04-18');
INSERT IGNORE INTO sales VALUES (50,1,8,'2020-04-29');
INSERT IGNORE INTO sales VALUES (51,13,8,'2020-04-24');
INSERT IGNORE INTO sales VALUES (52,2,3,'2020-04-12');
INSERT IGNORE INTO sales VALUES (53,4,6,'2020-04-13');
INSERT IGNORE INTO sales VALUES (54,12,3,'2020-04-20');
INSERT IGNORE INTO sales VALUES (55,13,2,'2020-04-09');
INSERT IGNORE INTO sales VALUES (56,2,6,'2020-04-09');
INSERT IGNORE INTO sales VALUES (57,10,2,'2020-04-05');
INSERT IGNORE INTO sales VALUES (58,9,2,'2020-04-11');
INSERT IGNORE INTO sales VALUES (59,1,8,'2020-04-24');
INSERT IGNORE INTO sales VALUES (60,6,5,'2020-04-02');
INSERT IGNORE INTO sales VALUES (61,5,6,'2020-04-29');
INSERT IGNORE INTO sales VALUES (62,9,2,'2020-04-05');
INSERT IGNORE INTO sales VALUES (63,5,4,'2020-04-19');
INSERT IGNORE INTO sales VALUES (64,8,4,'2020-04-14');
INSERT IGNORE INTO sales VALUES (65,5,1,'2020-04-17');
INSERT IGNORE INTO sales VALUES (66,14,6,'2020-04-21');
INSERT IGNORE INTO sales VALUES (67,1,8,'2020-04-04');
INSERT IGNORE INTO sales VALUES (68,11,5,'2020-04-24');
INSERT IGNORE INTO sales VALUES (69,3,8,'2020-04-08');
INSERT IGNORE INTO sales VALUES (70,7,6,'2020-04-14');
INSERT IGNORE INTO sales VALUES (71,2,2,'2020-04-13');
INSERT IGNORE INTO sales VALUES (72,2,2,'2020-04-09');
INSERT IGNORE INTO sales VALUES (73,4,6,'2020-04-17');
INSERT IGNORE INTO sales VALUES (74,15,3,'2020-04-11');
INSERT IGNORE INTO sales VALUES (75,12,5,'2020-04-07');
INSERT IGNORE INTO sales VALUES (76,9,3,'2020-04-13');
INSERT IGNORE INTO sales VALUES (77,10,3,'2020-04-20');
INSERT IGNORE INTO sales VALUES (78,3,4,'2020-04-14');
INSERT IGNORE INTO sales VALUES (79,6,2,'2020-04-04');
INSERT IGNORE INTO sales VALUES (80,15,4,'2020-04-22');
INSERT IGNORE INTO sales VALUES (81,6,3,'2020-04-14');
INSERT IGNORE INTO sales VALUES (82,12,7,'2020-04-15');
INSERT IGNORE INTO sales VALUES (83,6,7,'2020-04-19');
INSERT IGNORE INTO sales VALUES (84,12,8,'2020-04-18');
INSERT IGNORE INTO sales VALUES (85,12,6,'2020-04-25');
INSERT IGNORE INTO sales VALUES (86,3,4,'2020-04-07');
INSERT IGNORE INTO sales VALUES (87,3,6,'2020-04-11');
INSERT IGNORE INTO sales VALUES (88,12,1,'2020-04-15');
INSERT IGNORE INTO sales VALUES (89,13,3,'2020-04-18');
INSERT IGNORE INTO sales VALUES (90,6,4,'2020-04-09');
INSERT IGNORE INTO sales VALUES (91,3,4,'2020-04-01');
INSERT IGNORE INTO sales VALUES (92,1,5,'2020-04-27');
INSERT IGNORE INTO sales VALUES (93,7,2,'2020-04-08');
INSERT IGNORE INTO sales VALUES (94,10,6,'2020-04-30');
INSERT IGNORE INTO sales VALUES (95,13,2,'2020-04-20');
INSERT IGNORE INTO sales VALUES (96,15,2,'2020-04-29');
INSERT IGNORE INTO sales VALUES (97,15,4,'2020-04-16');
INSERT IGNORE INTO sales VALUES (98,9,2,'2020-04-14');
INSERT IGNORE INTO sales VALUES (99,1,2,'2020-04-15');
INSERT IGNORE INTO sales VALUES (100,15,5,'2020-04-24');
INSERT IGNORE INTO sales VALUES (101,14,7,'2020-04-18');
INSERT IGNORE INTO sales VALUES (102,1,7,'2020-04-16');
INSERT IGNORE INTO sales VALUES (103,15,4,'2020-04-06');
INSERT IGNORE INTO sales VALUES (104,10,6,'2020-04-01');
INSERT IGNORE INTO sales VALUES (105,7,4,'2020-04-25');
INSERT IGNORE INTO sales VALUES (106,10,5,'2020-04-29');
INSERT IGNORE INTO sales VALUES (107,1,2,'2020-04-27');
INSERT IGNORE INTO sales VALUES (108,9,8,'2020-04-14');
INSERT IGNORE INTO sales VALUES (109,14,6,'2020-04-22');
INSERT IGNORE INTO sales VALUES (110,12,1,'2020-04-02');
INSERT IGNORE INTO sales VALUES (111,15,6,'2020-04-06');
INSERT IGNORE INTO sales VALUES (112,10,1,'2020-04-03');
INSERT IGNORE INTO sales VALUES (113,1,2,'2020-04-18');
INSERT IGNORE INTO sales VALUES (114,6,8,'2020-04-26');
INSERT IGNORE INTO sales VALUES (115,15,3,'2020-04-14');
INSERT IGNORE INTO sales VALUES (116,9,2,'2020-04-05');
INSERT IGNORE INTO sales VALUES (117,9,1,'2020-04-22');
INSERT IGNORE INTO sales VALUES (118,3,2,'2020-04-10');
INSERT IGNORE INTO sales VALUES (119,3,7,'2020-04-22');
INSERT IGNORE INTO sales VALUES (120,10,1,'2020-04-28');
INSERT IGNORE INTO sales VALUES (121,14,5,'2020-04-04');
INSERT IGNORE INTO sales VALUES (122,6,3,'2020-04-05');
INSERT IGNORE INTO sales VALUES (123,3,8,'2020-04-29');
INSERT IGNORE INTO sales VALUES (124,14,4,'2020-04-19');
INSERT IGNORE INTO sales VALUES (125,5,2,'2020-04-29');
INSERT IGNORE INTO sales VALUES (126,8,5,'2020-04-10');
INSERT IGNORE INTO sales VALUES (127,9,1,'2020-04-04');
INSERT IGNORE INTO sales VALUES (128,14,3,'2020-04-28');
INSERT IGNORE INTO sales VALUES (129,12,4,'2020-04-26');
INSERT IGNORE INTO sales VALUES (130,5,1,'2020-04-08');
INSERT IGNORE INTO sales VALUES (131,8,4,'2020-04-16');
INSERT IGNORE INTO sales VALUES (132,1,6,'2020-04-03');
INSERT IGNORE INTO sales VALUES (133,3,3,'2020-04-10');
INSERT IGNORE INTO sales VALUES (134,2,5,'2020-04-14');
INSERT IGNORE INTO sales VALUES (135,1,8,'2020-04-22');
INSERT IGNORE INTO sales VALUES (136,4,8,'2020-04-23');
INSERT IGNORE INTO sales VALUES (137,11,2,'2020-04-06');
INSERT IGNORE INTO sales VALUES (138,5,6,'2020-04-28');
INSERT IGNORE INTO sales VALUES (139,6,4,'2020-04-05');
INSERT IGNORE INTO sales VALUES (140,14,7,'2020-04-09');
INSERT IGNORE INTO sales VALUES (141,2,5,'2020-04-09');
INSERT IGNORE INTO sales VALUES (142,14,6,'2020-04-21');
INSERT IGNORE INTO sales VALUES (143,1,5,'2020-04-02');
INSERT IGNORE INTO sales VALUES (144,1,4,'2020-04-26');
INSERT IGNORE INTO sales VALUES (145,9,5,'2020-04-17');
INSERT IGNORE INTO sales VALUES (146,3,4,'2020-04-02');
INSERT IGNORE INTO sales VALUES (147,3,2,'2020-04-07');
INSERT IGNORE INTO sales VALUES (148,14,3,'2020-04-25');
INSERT IGNORE INTO sales VALUES (149,15,6,'2020-04-24');
INSERT IGNORE INTO sales VALUES (150,1,8,'2020-04-23');
INSERT IGNORE INTO sales VALUES (151,3,2,'2020-04-22');
INSERT IGNORE INTO sales VALUES (152,12,7,'2020-04-06');
INSERT IGNORE INTO sales VALUES (153,4,5,'2020-04-18');
INSERT IGNORE INTO sales VALUES (154,8,7,'2020-04-02');
INSERT IGNORE INTO sales VALUES (155,5,7,'2020-04-07');
INSERT IGNORE INTO sales VALUES (156,14,4,'2020-04-01');
INSERT IGNORE INTO sales VALUES (157,13,4,'2020-04-26');
INSERT IGNORE INTO sales VALUES (158,1,3,'2020-04-06');
INSERT IGNORE INTO sales VALUES (159,3,6,'2020-04-15');
INSERT IGNORE INTO sales VALUES (160,1,1,'2020-04-21');
INSERT IGNORE INTO sales VALUES (161,5,5,'2020-04-06');
INSERT IGNORE INTO sales VALUES (162,10,6,'2020-04-27');
INSERT IGNORE INTO sales VALUES (163,5,4,'2020-04-27');
INSERT IGNORE INTO sales VALUES (164,14,8,'2020-04-22');
INSERT IGNORE INTO sales VALUES (165,12,3,'2020-04-13');
INSERT IGNORE INTO sales VALUES (166,11,7,'2020-04-04');
INSERT IGNORE INTO sales VALUES (167,4,6,'2020-04-30');
INSERT IGNORE INTO sales VALUES (168,5,4,'2020-04-05');
INSERT IGNORE INTO sales VALUES (169,12,3,'2020-04-03');
INSERT IGNORE INTO sales VALUES (170,11,3,'2020-04-25');
INSERT IGNORE INTO sales VALUES (171,13,1,'2020-04-10');
INSERT IGNORE INTO sales VALUES (172,11,2,'2020-04-21');
INSERT IGNORE INTO sales VALUES (173,13,1,'2020-04-15');
INSERT IGNORE INTO sales VALUES (174,5,7,'2020-04-13');
INSERT IGNORE INTO sales VALUES (175,2,5,'2020-04-28');
INSERT IGNORE INTO sales VALUES (176,6,8,'2020-04-22');
INSERT IGNORE INTO sales VALUES (177,8,7,'2020-04-27');
INSERT IGNORE INTO sales VALUES (178,9,3,'2020-04-21');
INSERT IGNORE INTO sales VALUES (179,3,5,'2020-04-13');
INSERT IGNORE INTO sales VALUES (180,4,3,'2020-04-03');
INSERT IGNORE INTO sales VALUES (181,2,3,'2020-04-18');
INSERT IGNORE INTO sales VALUES (182,1,6,'2020-04-02');
INSERT IGNORE INTO sales VALUES (183,15,1,'2020-04-19');
INSERT IGNORE INTO sales VALUES (184,6,4,'2020-04-27');
INSERT IGNORE INTO sales VALUES (185,9,6,'2020-04-01');
INSERT IGNORE INTO sales VALUES (186,5,4,'2020-04-02');
INSERT IGNORE INTO sales VALUES (187,14,5,'2020-04-23');
INSERT IGNORE INTO sales VALUES (188,5,1,'2020-04-08');
INSERT IGNORE INTO sales VALUES (189,6,8,'2020-04-22');
INSERT IGNORE INTO sales VALUES (190,13,7,'2020-04-04');
INSERT IGNORE INTO sales VALUES (191,8,7,'2020-04-08');
INSERT IGNORE INTO sales VALUES (192,4,6,'2020-04-01');
INSERT IGNORE INTO sales VALUES (193,8,6,'2020-04-29');
INSERT IGNORE INTO sales VALUES (194,9,2,'2020-04-22');
INSERT IGNORE INTO sales VALUES (195,15,8,'2020-04-05');
INSERT IGNORE INTO sales VALUES (196,8,7,'2020-04-29');
INSERT IGNORE INTO sales VALUES (197,3,8,'2020-04-18');
INSERT IGNORE INTO sales VALUES (198,9,3,'2020-04-05');
INSERT IGNORE INTO sales VALUES (199,9,4,'2020-04-05');
INSERT IGNORE INTO sales VALUES (200,5,7,'2020-04-16');
INSERT IGNORE INTO sales VALUES (201,2,7,'2020-04-04');
INSERT IGNORE INTO sales VALUES (202,9,3,'2020-04-08');
INSERT IGNORE INTO sales VALUES (203,3,6,'2020-04-04');
INSERT IGNORE INTO sales VALUES (204,7,2,'2020-04-20');
INSERT IGNORE INTO sales VALUES (205,2,5,'2020-04-04');
INSERT IGNORE INTO sales VALUES (206,10,1,'2020-04-27');
INSERT IGNORE INTO sales VALUES (207,12,8,'2020-04-07');
INSERT IGNORE INTO sales VALUES (208,12,8,'2020-04-06');
INSERT IGNORE INTO sales VALUES (209,14,7,'2020-04-21');
INSERT IGNORE INTO sales VALUES (210,14,5,'2020-04-27');
INSERT IGNORE INTO sales VALUES (211,11,8,'2020-04-28');
INSERT IGNORE INTO sales VALUES (212,15,3,'2020-04-10');
INSERT IGNORE INTO sales VALUES (213,14,7,'2020-04-10');
INSERT IGNORE INTO sales VALUES (214,8,8,'2020-04-11');
INSERT IGNORE INTO sales VALUES (215,3,1,'2020-04-04');
INSERT IGNORE INTO sales VALUES (216,9,8,'2020-04-21');
INSERT IGNORE INTO sales VALUES (217,8,8,'2020-04-13');
INSERT IGNORE INTO sales VALUES (218,4,8,'2020-04-08');
INSERT IGNORE INTO sales VALUES (219,3,8,'2020-04-12');
INSERT IGNORE INTO sales VALUES (220,13,5,'2020-04-07');
INSERT IGNORE INTO sales VALUES (221,11,5,'2020-04-23');
INSERT IGNORE INTO sales VALUES (222,3,6,'2020-04-12');
INSERT IGNORE INTO sales VALUES (223,1,2,'2020-04-13');
INSERT IGNORE INTO sales VALUES (224,7,5,'2020-04-30');
INSERT IGNORE INTO sales VALUES (225,3,3,'2020-04-20');
INSERT IGNORE INTO sales VALUES (226,8,7,'2020-04-18');
INSERT IGNORE INTO sales VALUES (227,2,6,'2020-04-16');
INSERT IGNORE INTO sales VALUES (228,8,3,'2020-04-14');
INSERT IGNORE INTO sales VALUES (229,1,8,'2020-04-25');
INSERT IGNORE INTO sales VALUES (230,12,7,'2020-04-25');
INSERT IGNORE INTO sales VALUES (231,9,8,'2020-04-02');
INSERT IGNORE INTO sales VALUES (232,9,3,'2020-04-20');
INSERT IGNORE INTO sales VALUES (233,12,8,'2020-04-16');
INSERT IGNORE INTO sales VALUES (234,15,1,'2020-04-26');
INSERT IGNORE INTO sales VALUES (235,9,2,'2020-04-18');
INSERT IGNORE INTO sales VALUES (236,15,7,'2020-04-05');
INSERT IGNORE INTO sales VALUES (237,11,3,'2020-04-03');
INSERT IGNORE INTO sales VALUES (238,13,6,'2020-04-16');
INSERT IGNORE INTO sales VALUES (239,12,3,'2020-04-07');
INSERT IGNORE INTO sales VALUES (240,3,2,'2020-04-19');
INSERT IGNORE INTO sales VALUES (241,12,7,'2020-04-29');
INSERT IGNORE INTO sales VALUES (242,5,3,'2020-04-10');
INSERT IGNORE INTO sales VALUES (243,12,6,'2020-04-09');
INSERT IGNORE INTO sales VALUES (244,2,4,'2020-04-20');
INSERT IGNORE INTO sales VALUES (245,12,6,'2020-04-08');
INSERT IGNORE INTO sales VALUES (246,5,3,'2020-04-17');
INSERT IGNORE INTO sales VALUES (247,7,6,'2020-04-23');
INSERT IGNORE INTO sales VALUES (248,6,7,'2020-04-12');
INSERT IGNORE INTO sales VALUES (249,6,6,'2020-04-04');
INSERT IGNORE INTO sales VALUES (250,11,6,'2020-04-27');
INSERT IGNORE INTO sales VALUES (251,14,8,'2020-04-11');
INSERT IGNORE INTO sales VALUES (252,4,4,'2020-04-10');
INSERT IGNORE INTO sales VALUES (253,10,3,'2020-04-01');
INSERT IGNORE INTO sales VALUES (254,9,2,'2020-04-01');
INSERT IGNORE INTO sales VALUES (255,3,1,'2020-04-05');
INSERT IGNORE INTO sales VALUES (256,2,3,'2020-04-29');
INSERT IGNORE INTO sales VALUES (257,1,1,'2020-04-23');
INSERT IGNORE INTO sales VALUES (258,13,2,'2020-04-01');
INSERT IGNORE INTO sales VALUES (259,5,3,'2020-04-03');
INSERT IGNORE INTO sales VALUES (260,4,5,'2020-04-05');
INSERT IGNORE INTO sales VALUES (261,7,8,'2020-04-30');
INSERT IGNORE INTO sales VALUES (262,3,4,'2020-04-01');
INSERT IGNORE INTO sales VALUES (263,6,7,'2020-04-22');
INSERT IGNORE INTO sales VALUES (264,2,5,'2020-04-03');
INSERT IGNORE INTO sales VALUES (265,1,8,'2020-04-20');
INSERT IGNORE INTO sales VALUES (266,6,7,'2020-04-12');
INSERT IGNORE INTO sales VALUES (267,8,8,'2020-04-08');
INSERT IGNORE INTO sales VALUES (268,15,8,'2020-04-10');
INSERT IGNORE INTO sales VALUES (269,5,1,'2020-04-04');
INSERT IGNORE INTO sales VALUES (270,7,3,'2020-04-11');
INSERT IGNORE INTO sales VALUES (271,6,5,'2020-04-17');
INSERT IGNORE INTO sales VALUES (272,2,3,'2020-04-07');
INSERT IGNORE INTO sales VALUES (273,3,3,'2020-04-09');
INSERT IGNORE INTO sales VALUES (274,3,6,'2020-04-08');
INSERT IGNORE INTO sales VALUES (275,8,7,'2020-04-11');
INSERT IGNORE INTO sales VALUES (276,2,6,'2020-04-07');
INSERT IGNORE INTO sales VALUES (277,9,3,'2020-04-07');
INSERT IGNORE INTO sales VALUES (278,13,8,'2020-04-06');
INSERT IGNORE INTO sales VALUES (279,12,5,'2020-04-22');
INSERT IGNORE INTO sales VALUES (280,3,6,'2020-04-28');
INSERT IGNORE INTO sales VALUES (281,13,8,'2020-04-13');
INSERT IGNORE INTO sales VALUES (282,12,3,'2020-04-08');
INSERT IGNORE INTO sales VALUES (283,4,2,'2020-04-24');
INSERT IGNORE INTO sales VALUES (284,2,8,'2020-04-20');
INSERT IGNORE INTO sales VALUES (285,14,2,'2020-04-06');
INSERT IGNORE INTO sales VALUES (286,11,4,'2020-04-22');
INSERT IGNORE INTO sales VALUES (287,8,4,'2020-04-07');
INSERT IGNORE INTO sales VALUES (288,3,6,'2020-04-23');
INSERT IGNORE INTO sales VALUES (289,3,4,'2020-04-27');
INSERT IGNORE INTO sales VALUES (290,13,3,'2020-04-02');
INSERT IGNORE INTO sales VALUES (291,9,2,'2020-04-17');
INSERT IGNORE INTO sales VALUES (292,4,7,'2020-04-16');
INSERT IGNORE INTO sales VALUES (293,3,1,'2020-04-11');
INSERT IGNORE INTO sales VALUES (294,12,1,'2020-04-17');
INSERT IGNORE INTO sales VALUES (295,4,2,'2020-04-29');
INSERT IGNORE INTO sales VALUES (296,4,8,'2020-04-29');
INSERT IGNORE INTO sales VALUES (297,7,1,'2020-04-18');
INSERT IGNORE INTO sales VALUES (298,2,3,'2020-04-23');
INSERT IGNORE INTO sales VALUES (299,6,7,'2020-04-01');
INSERT IGNORE INTO sales VALUES (300,14,5,'2020-04-13');
INSERT IGNORE INTO sales VALUES (301,15,5,'2020-04-05');
INSERT IGNORE INTO sales VALUES (302,6,3,'2020-04-09');
INSERT IGNORE INTO sales VALUES (303,13,3,'2020-04-22');
INSERT IGNORE INTO sales VALUES (304,7,1,'2020-04-06');
INSERT IGNORE INTO sales VALUES (305,10,4,'2020-04-11');
INSERT IGNORE INTO sales VALUES (306,6,3,'2020-04-18');
INSERT IGNORE INTO sales VALUES (307,12,3,'2020-04-25');
INSERT IGNORE INTO sales VALUES (308,8,2,'2020-04-29');
INSERT IGNORE INTO sales VALUES (309,3,8,'2020-04-07');
INSERT IGNORE INTO sales VALUES (310,10,7,'2020-04-20');
INSERT IGNORE INTO sales VALUES (311,14,1,'2020-04-04');
INSERT IGNORE INTO sales VALUES (312,12,3,'2020-04-12');
INSERT IGNORE INTO sales VALUES (313,15,3,'2020-04-01');
INSERT IGNORE INTO sales VALUES (314,15,3,'2020-04-23');
INSERT IGNORE INTO sales VALUES (315,10,7,'2020-04-09');
INSERT IGNORE INTO sales VALUES (316,13,7,'2020-04-29');
INSERT IGNORE INTO sales VALUES (317,11,3,'2020-04-28');
INSERT IGNORE INTO sales VALUES (318,5,6,'2020-04-28');
INSERT IGNORE INTO sales VALUES (319,15,5,'2020-04-15');
INSERT IGNORE INTO sales VALUES (320,15,2,'2020-04-20');
INSERT IGNORE INTO sales VALUES (321,2,8,'2020-04-18');
INSERT IGNORE INTO sales VALUES (322,9,5,'2020-04-13');
INSERT IGNORE INTO sales VALUES (323,14,4,'2020-04-23');
INSERT IGNORE INTO sales VALUES (324,3,6,'2020-04-11');
INSERT IGNORE INTO sales VALUES (325,1,3,'2020-04-01');
INSERT IGNORE INTO sales VALUES (326,15,7,'2020-04-25');
INSERT IGNORE INTO sales VALUES (327,9,2,'2020-04-27');
INSERT IGNORE INTO sales VALUES (328,10,1,'2020-04-01');
INSERT IGNORE INTO sales VALUES (329,5,2,'2020-04-19');
INSERT IGNORE INTO sales VALUES (330,9,3,'2020-04-27');
INSERT IGNORE INTO sales VALUES (331,9,1,'2020-04-11');
INSERT IGNORE INTO sales VALUES (332,13,1,'2020-04-29');
INSERT IGNORE INTO sales VALUES (333,4,5,'2020-04-28');
INSERT IGNORE INTO sales VALUES (334,4,5,'2020-04-27');
INSERT IGNORE INTO sales VALUES (335,5,4,'2020-04-20');
INSERT IGNORE INTO sales VALUES (336,5,1,'2020-04-17');
INSERT IGNORE INTO sales VALUES (337,7,3,'2020-04-13');
INSERT IGNORE INTO sales VALUES (338,10,1,'2020-04-27');
INSERT IGNORE INTO sales VALUES (339,4,3,'2020-04-22');
INSERT IGNORE INTO sales VALUES (340,2,5,'2020-04-24');
INSERT IGNORE INTO sales VALUES (341,4,6,'2020-04-28');
INSERT IGNORE INTO sales VALUES (342,4,5,'2020-04-02');
INSERT IGNORE INTO sales VALUES (343,6,5,'2020-04-19');
INSERT IGNORE INTO sales VALUES (344,2,7,'2020-04-01');
INSERT IGNORE INTO sales VALUES (345,11,1,'2020-04-20');
INSERT IGNORE INTO sales VALUES (346,2,6,'2020-04-02');
INSERT IGNORE INTO sales VALUES (347,4,3,'2020-04-14');
INSERT IGNORE INTO sales VALUES (348,1,3,'2020-04-21');
INSERT IGNORE INTO sales VALUES (349,2,8,'2020-04-13');
INSERT IGNORE INTO sales VALUES (350,10,6,'2020-04-28');
INSERT IGNORE INTO sales VALUES (351,7,6,'2020-04-18');
INSERT IGNORE INTO sales VALUES (352,12,6,'2020-04-09');
INSERT IGNORE INTO sales VALUES (353,7,3,'2020-04-23');
INSERT IGNORE INTO sales VALUES (354,4,3,'2020-04-18');
INSERT IGNORE INTO sales VALUES (355,1,3,'2020-04-04');
INSERT IGNORE INTO sales VALUES (356,9,3,'2020-04-29');
INSERT IGNORE INTO sales VALUES (357,15,1,'2020-04-19');
INSERT IGNORE INTO sales VALUES (358,12,6,'2020-04-06');
INSERT IGNORE INTO sales VALUES (359,6,8,'2020-04-11');
INSERT IGNORE INTO sales VALUES (360,13,3,'2020-04-26');
INSERT IGNORE INTO sales VALUES (361,11,4,'2020-04-23');
INSERT IGNORE INTO sales VALUES (362,9,5,'2020-04-03');
INSERT IGNORE INTO sales VALUES (363,13,6,'2020-04-02');
INSERT IGNORE INTO sales VALUES (364,2,1,'2020-04-18');
INSERT IGNORE INTO sales VALUES (365,7,2,'2020-04-14');
INSERT IGNORE INTO sales VALUES (366,5,5,'2020-04-18');
INSERT IGNORE INTO sales VALUES (367,7,5,'2020-04-07');
INSERT IGNORE INTO sales VALUES (368,10,7,'2020-04-12');
INSERT IGNORE INTO sales VALUES (369,12,3,'2020-04-28');
INSERT IGNORE INTO sales VALUES (370,11,4,'2020-04-13');
INSERT IGNORE INTO sales VALUES (371,13,8,'2020-04-02');
INSERT IGNORE INTO sales VALUES (372,3,5,'2020-04-21');
INSERT IGNORE INTO sales VALUES (373,2,5,'2020-04-08');
INSERT IGNORE INTO sales VALUES (374,3,4,'2020-04-12');
INSERT IGNORE INTO sales VALUES (375,15,2,'2020-04-30');
INSERT IGNORE INTO sales VALUES (376,12,8,'2020-04-13');
INSERT IGNORE INTO sales VALUES (377,1,5,'2020-04-18');
INSERT IGNORE INTO sales VALUES (378,13,8,'2020-04-28');
INSERT IGNORE INTO sales VALUES (379,4,7,'2020-04-13');
INSERT IGNORE INTO sales VALUES (380,11,2,'2020-04-30');
INSERT IGNORE INTO sales VALUES (381,14,4,'2020-04-28');
INSERT IGNORE INTO sales VALUES (382,9,2,'2020-04-26');
INSERT IGNORE INTO sales VALUES (383,11,6,'2020-04-09');
INSERT IGNORE INTO sales VALUES (384,11,8,'2020-04-25');
INSERT IGNORE INTO sales VALUES (385,9,1,'2020-04-07');
INSERT IGNORE INTO sales VALUES (386,9,4,'2020-04-20');
INSERT IGNORE INTO sales VALUES (387,3,8,'2020-04-07');
INSERT IGNORE INTO sales VALUES (388,11,2,'2020-04-02');
INSERT IGNORE INTO sales VALUES (389,10,1,'2020-04-20');
INSERT IGNORE INTO sales VALUES (390,3,8,'2020-04-23');
INSERT IGNORE INTO sales VALUES (391,9,3,'2020-04-20');
INSERT IGNORE INTO sales VALUES (392,3,5,'2020-04-21');
INSERT IGNORE INTO sales VALUES (393,1,1,'2020-04-12');
INSERT IGNORE INTO sales VALUES (394,9,8,'2020-04-23');
INSERT IGNORE INTO sales VALUES (395,10,5,'2020-04-23');
INSERT IGNORE INTO sales VALUES (396,4,7,'2020-04-08');
INSERT IGNORE INTO sales VALUES (397,2,3,'2020-04-22');
INSERT IGNORE INTO sales VALUES (398,2,6,'2020-04-22');
INSERT IGNORE INTO sales VALUES (399,8,5,'2020-04-25');
INSERT IGNORE INTO sales VALUES (400,1,3,'2020-04-22');
INSERT IGNORE INTO sales VALUES (401,3,1,'2020-04-27');
INSERT IGNORE INTO sales VALUES (402,11,7,'2020-04-06');
INSERT IGNORE INTO sales VALUES (403,11,3,'2020-04-04');
INSERT IGNORE INTO sales VALUES (404,12,3,'2020-04-15');
INSERT IGNORE INTO sales VALUES (405,11,4,'2020-04-23');
INSERT IGNORE INTO sales VALUES (406,5,4,'2020-04-13');
INSERT IGNORE INTO sales VALUES (407,14,6,'2020-04-18');
INSERT IGNORE INTO sales VALUES (408,3,3,'2020-04-10');
INSERT IGNORE INTO sales VALUES (409,3,3,'2020-04-03');
INSERT IGNORE INTO sales VALUES (410,13,8,'2020-04-14');
INSERT IGNORE INTO sales VALUES (411,1,7,'2020-04-11');
INSERT IGNORE INTO sales VALUES (412,13,6,'2020-04-27');
INSERT IGNORE INTO sales VALUES (413,4,3,'2020-04-13');
INSERT IGNORE INTO sales VALUES (414,3,4,'2020-04-19');
INSERT IGNORE INTO sales VALUES (415,12,6,'2020-04-04');
INSERT IGNORE INTO sales VALUES (416,6,1,'2020-04-01');
INSERT IGNORE INTO sales VALUES (417,9,5,'2020-04-05');
INSERT IGNORE INTO sales VALUES (418,2,7,'2020-04-13');
INSERT IGNORE INTO sales VALUES (419,3,8,'2020-04-10');
INSERT IGNORE INTO sales VALUES (420,4,1,'2020-04-01');
INSERT IGNORE INTO sales VALUES (421,4,5,'2020-04-07');
INSERT IGNORE INTO sales VALUES (422,3,3,'2020-04-16');
INSERT IGNORE INTO sales VALUES (423,2,2,'2020-04-27');
INSERT IGNORE INTO sales VALUES (424,8,7,'2020-04-19');
INSERT IGNORE INTO sales VALUES (425,2,7,'2020-04-18');
INSERT IGNORE INTO sales VALUES (426,15,3,'2020-04-16');
INSERT IGNORE INTO sales VALUES (427,4,7,'2020-04-09');
INSERT IGNORE INTO sales VALUES (428,9,1,'2020-04-06');
INSERT IGNORE INTO sales VALUES (429,2,3,'2020-04-30');
INSERT IGNORE INTO sales VALUES (430,10,1,'2020-04-14');
INSERT IGNORE INTO sales VALUES (431,11,5,'2020-04-24');
INSERT IGNORE INTO sales VALUES (432,13,3,'2020-04-22');
INSERT IGNORE INTO sales VALUES (433,11,6,'2020-04-20');
INSERT IGNORE INTO sales VALUES (434,6,4,'2020-04-28');
INSERT IGNORE INTO sales VALUES (435,2,1,'2020-04-08');
INSERT IGNORE INTO sales VALUES (436,3,7,'2020-04-05');
INSERT IGNORE INTO sales VALUES (437,15,6,'2020-04-12');
INSERT IGNORE INTO sales VALUES (438,14,8,'2020-04-26');
INSERT IGNORE INTO sales VALUES (439,5,5,'2020-04-28');
INSERT IGNORE INTO sales VALUES (440,4,8,'2020-04-25');
INSERT IGNORE INTO sales VALUES (441,3,6,'2020-04-03');
INSERT IGNORE INTO sales VALUES (442,4,5,'2020-04-28');
INSERT IGNORE INTO sales VALUES (443,11,2,'2020-04-01');
INSERT IGNORE INTO sales VALUES (444,2,8,'2020-04-02');
INSERT IGNORE INTO sales VALUES (445,13,2,'2020-04-28');
INSERT IGNORE INTO sales VALUES (446,10,3,'2020-04-06');
INSERT IGNORE INTO sales VALUES (447,5,7,'2020-04-29');
INSERT IGNORE INTO sales VALUES (448,15,8,'2020-04-03');
INSERT IGNORE INTO sales VALUES (449,4,6,'2020-04-26');
INSERT IGNORE INTO sales VALUES (450,3,3,'2020-04-18');
INSERT IGNORE INTO sales VALUES (451,8,6,'2020-04-28');
INSERT IGNORE INTO sales VALUES (452,1,1,'2020-04-21');
INSERT IGNORE INTO sales VALUES (453,7,5,'2020-04-12');
INSERT IGNORE INTO sales VALUES (454,10,5,'2020-04-12');
INSERT IGNORE INTO sales VALUES (455,7,7,'2020-04-19');
INSERT IGNORE INTO sales VALUES (456,2,4,'2020-04-15');
INSERT IGNORE INTO sales VALUES (457,7,3,'2020-04-28');
INSERT IGNORE INTO sales VALUES (458,5,3,'2020-04-12');
INSERT IGNORE INTO sales VALUES (459,2,3,'2020-04-14');
INSERT IGNORE INTO sales VALUES (460,3,6,'2020-04-28');
INSERT IGNORE INTO sales VALUES (461,15,6,'2020-04-15');
INSERT IGNORE INTO sales VALUES (462,5,7,'2020-04-24');
INSERT IGNORE INTO sales VALUES (463,8,4,'2020-04-01');
INSERT IGNORE INTO sales VALUES (464,6,3,'2020-04-14');
INSERT IGNORE INTO sales VALUES (465,5,8,'2020-04-05');
INSERT IGNORE INTO sales VALUES (466,6,6,'2020-04-04');
INSERT IGNORE INTO sales VALUES (467,13,5,'2020-04-08');
INSERT IGNORE INTO sales VALUES (468,13,2,'2020-04-23');
INSERT IGNORE INTO sales VALUES (469,15,8,'2020-04-23');
INSERT IGNORE INTO sales VALUES (470,8,7,'2020-04-10');
INSERT IGNORE INTO sales VALUES (471,4,6,'2020-04-07');
INSERT IGNORE INTO sales VALUES (472,14,3,'2020-04-09');
INSERT IGNORE INTO sales VALUES (473,12,7,'2020-04-16');
INSERT IGNORE INTO sales VALUES (474,9,6,'2020-04-29');
INSERT IGNORE INTO sales VALUES (475,14,6,'2020-04-08');
INSERT IGNORE INTO sales VALUES (476,13,8,'2020-04-04');
INSERT IGNORE INTO sales VALUES (477,4,2,'2020-04-06');
INSERT IGNORE INTO sales VALUES (478,14,1,'2020-04-07');
INSERT IGNORE INTO sales VALUES (479,14,2,'2020-04-12');
INSERT IGNORE INTO sales VALUES (480,11,1,'2020-04-26');
INSERT IGNORE INTO sales VALUES (481,1,2,'2020-04-28');
INSERT IGNORE INTO sales VALUES (482,11,3,'2020-04-18');
INSERT IGNORE INTO sales VALUES (483,2,5,'2020-04-08');
INSERT IGNORE INTO sales VALUES (484,15,6,'2020-04-15');
INSERT IGNORE INTO sales VALUES (485,1,1,'2020-04-25');
INSERT IGNORE INTO sales VALUES (486,13,4,'2020-04-06');
INSERT IGNORE INTO sales VALUES (487,9,1,'2020-04-09');
INSERT IGNORE INTO sales VALUES (488,4,6,'2020-04-30');
INSERT IGNORE INTO sales VALUES (489,12,5,'2020-04-21');
INSERT IGNORE INTO sales VALUES (490,12,3,'2020-04-19');
INSERT IGNORE INTO sales VALUES (491,4,1,'2020-04-10');
INSERT IGNORE INTO sales VALUES (492,9,6,'2020-04-11');
INSERT IGNORE INTO sales VALUES (493,3,1,'2020-04-25');
INSERT IGNORE INTO sales VALUES (494,14,5,'2020-04-24');
INSERT IGNORE INTO sales VALUES (495,13,5,'2020-04-16');
INSERT IGNORE INTO sales VALUES (496,2,6,'2020-04-08');
INSERT IGNORE INTO sales VALUES (497,13,7,'2020-04-23');
INSERT IGNORE INTO sales VALUES (498,8,3,'2020-04-06');
INSERT IGNORE INTO sales VALUES (499,7,3,'2020-04-28');
INSERT IGNORE INTO sales VALUES (500,1,8,'2020-04-12');
INSERT IGNORE INTO sales VALUES (501,7,7,'2020-04-27');
INSERT IGNORE INTO sales VALUES (502,8,3,'2020-04-12');
INSERT IGNORE INTO sales VALUES (503,15,6,'2020-04-26');
INSERT IGNORE INTO sales VALUES (504,5,4,'2020-04-16');
INSERT IGNORE INTO sales VALUES (505,15,3,'2020-04-02');
INSERT IGNORE INTO sales VALUES (506,6,7,'2020-04-14');
INSERT IGNORE INTO sales VALUES (507,11,2,'2020-04-18');
INSERT IGNORE INTO sales VALUES (508,10,1,'2020-04-15');
INSERT IGNORE INTO sales VALUES (509,14,7,'2020-04-06');
INSERT IGNORE INTO sales VALUES (510,9,7,'2020-04-17');
INSERT IGNORE INTO sales VALUES (511,3,4,'2020-04-12');
INSERT IGNORE INTO sales VALUES (512,12,8,'2020-04-24');
INSERT IGNORE INTO sales VALUES (513,1,6,'2020-04-05');
INSERT IGNORE INTO sales VALUES (514,15,7,'2020-04-19');
INSERT IGNORE INTO sales VALUES (515,1,8,'2020-04-25');
INSERT IGNORE INTO sales VALUES (516,13,6,'2020-04-14');
INSERT IGNORE INTO sales VALUES (517,8,3,'2020-04-07');
INSERT IGNORE INTO sales VALUES (518,7,4,'2020-04-22');
INSERT IGNORE INTO sales VALUES (519,8,6,'2020-04-27');
INSERT IGNORE INTO sales VALUES (520,2,6,'2020-04-21');
INSERT IGNORE INTO sales VALUES (521,1,4,'2020-04-23');
INSERT IGNORE INTO sales VALUES (522,3,8,'2020-04-24');
INSERT IGNORE INTO sales VALUES (523,4,6,'2020-04-30');
INSERT IGNORE INTO sales VALUES (524,6,1,'2020-04-21');
INSERT IGNORE INTO sales VALUES (525,9,1,'2020-04-19');
INSERT IGNORE INTO sales VALUES (526,15,6,'2020-04-12');
INSERT IGNORE INTO sales VALUES (527,6,3,'2020-04-27');
INSERT IGNORE INTO sales VALUES (528,7,7,'2020-04-14');
INSERT IGNORE INTO sales VALUES (529,13,7,'2020-04-13');
INSERT IGNORE INTO sales VALUES (530,3,5,'2020-04-08');
INSERT IGNORE INTO sales VALUES (531,10,3,'2020-04-18');
INSERT IGNORE INTO sales VALUES (532,13,1,'2020-04-09');
INSERT IGNORE INTO sales VALUES (533,13,2,'2020-04-20');
INSERT IGNORE INTO sales VALUES (534,13,5,'2020-04-17');
INSERT IGNORE INTO sales VALUES (535,10,2,'2020-04-29');
INSERT IGNORE INTO sales VALUES (536,2,2,'2020-04-19');
INSERT IGNORE INTO sales VALUES (537,5,4,'2020-04-15');
INSERT IGNORE INTO sales VALUES (538,5,2,'2020-04-22');
INSERT IGNORE INTO sales VALUES (539,4,8,'2020-04-23');
INSERT IGNORE INTO sales VALUES (540,6,3,'2020-04-15');
INSERT IGNORE INTO sales VALUES (541,14,1,'2020-04-17');
INSERT IGNORE INTO sales VALUES (542,11,6,'2020-04-26');
INSERT IGNORE INTO sales VALUES (543,5,6,'2020-04-24');
INSERT IGNORE INTO sales VALUES (544,1,4,'2020-04-28');
INSERT IGNORE INTO sales VALUES (545,10,6,'2020-04-24');
INSERT IGNORE INTO sales VALUES (546,4,3,'2020-04-26');
INSERT IGNORE INTO sales VALUES (547,5,2,'2020-04-30');
INSERT IGNORE INTO sales VALUES (548,13,7,'2020-04-11');
INSERT IGNORE INTO sales VALUES (549,7,3,'2020-04-01');
INSERT IGNORE INTO sales VALUES (550,2,6,'2020-04-24');
INSERT IGNORE INTO sales VALUES (551,10,8,'2020-04-10');
INSERT IGNORE INTO sales VALUES (552,9,2,'2020-04-01');
INSERT IGNORE INTO sales VALUES (553,13,1,'2020-04-24');
INSERT IGNORE INTO sales VALUES (554,8,7,'2020-04-27');
INSERT IGNORE INTO sales VALUES (555,14,6,'2020-04-29');
INSERT IGNORE INTO sales VALUES (556,7,7,'2020-04-18');
INSERT IGNORE INTO sales VALUES (557,5,3,'2020-04-03');
INSERT IGNORE INTO sales VALUES (558,3,4,'2020-04-18');
INSERT IGNORE INTO sales VALUES (559,15,6,'2020-04-24');
INSERT IGNORE INTO sales VALUES (560,5,5,'2020-04-19');
INSERT IGNORE INTO sales VALUES (561,6,1,'2020-04-19');
INSERT IGNORE INTO sales VALUES (562,6,1,'2020-04-14');
INSERT IGNORE INTO sales VALUES (563,7,8,'2020-04-22');
INSERT IGNORE INTO sales VALUES (564,11,7,'2020-04-27');
INSERT IGNORE INTO sales VALUES (565,10,8,'2020-04-09');
INSERT IGNORE INTO sales VALUES (566,3,3,'2020-04-13');
INSERT IGNORE INTO sales VALUES (567,2,8,'2020-04-28');
INSERT IGNORE INTO sales VALUES (568,12,1,'2020-04-06');
INSERT IGNORE INTO sales VALUES (569,1,1,'2020-04-11');
INSERT IGNORE INTO sales VALUES (570,9,3,'2020-04-14');
INSERT IGNORE INTO sales VALUES (571,10,4,'2020-04-05');
INSERT IGNORE INTO sales VALUES (572,10,3,'2020-04-12');
INSERT IGNORE INTO sales VALUES (573,13,8,'2020-04-09');
INSERT IGNORE INTO sales VALUES (574,5,2,'2020-04-27');
INSERT IGNORE INTO sales VALUES (575,1,6,'2020-04-25');
INSERT IGNORE INTO sales VALUES (576,15,5,'2020-04-02');
INSERT IGNORE INTO sales VALUES (577,3,3,'2020-04-07');
INSERT IGNORE INTO sales VALUES (578,13,7,'2020-04-11');
INSERT IGNORE INTO sales VALUES (579,12,8,'2020-04-11');
INSERT IGNORE INTO sales VALUES (580,9,5,'2020-04-17');
INSERT IGNORE INTO sales VALUES (581,8,1,'2020-04-21');
INSERT IGNORE INTO sales VALUES (582,6,7,'2020-04-06');
INSERT IGNORE INTO sales VALUES (583,11,8,'2020-04-03');
INSERT IGNORE INTO sales VALUES (584,1,7,'2020-04-14');
INSERT IGNORE INTO sales VALUES (585,9,8,'2020-04-30');
INSERT IGNORE INTO sales VALUES (586,15,2,'2020-04-09');
INSERT IGNORE INTO sales VALUES (587,4,4,'2020-04-19');
INSERT IGNORE INTO sales VALUES (588,5,4,'2020-04-05');
INSERT IGNORE INTO sales VALUES (589,9,7,'2020-04-11');
INSERT IGNORE INTO sales VALUES (590,6,5,'2020-04-13');
INSERT IGNORE INTO sales VALUES (591,12,2,'2020-04-20');
INSERT IGNORE INTO sales VALUES (592,15,7,'2020-04-15');
INSERT IGNORE INTO sales VALUES (593,7,6,'2020-04-17');
INSERT IGNORE INTO sales VALUES (594,6,8,'2020-04-22');
INSERT IGNORE INTO sales VALUES (595,6,8,'2020-04-11');
INSERT IGNORE INTO sales VALUES (596,5,7,'2020-04-24');
INSERT IGNORE INTO sales VALUES (597,14,4,'2020-04-01');
INSERT IGNORE INTO sales VALUES (598,4,3,'2020-04-16');
INSERT IGNORE INTO sales VALUES (599,6,7,'2020-04-29');
INSERT IGNORE INTO sales VALUES (600,1,1,'2020-04-05');
INSERT IGNORE INTO sales VALUES (601,6,8,'2020-04-13');
INSERT IGNORE INTO sales VALUES (602,15,6,'2020-04-21');
INSERT IGNORE INTO sales VALUES (603,12,7,'2020-04-13');
INSERT IGNORE INTO sales VALUES (604,13,8,'2020-04-10');
INSERT IGNORE INTO sales VALUES (605,4,5,'2020-04-06');
INSERT IGNORE INTO sales VALUES (606,10,3,'2020-04-13');
INSERT IGNORE INTO sales VALUES (607,3,6,'2020-04-21');
INSERT IGNORE INTO sales VALUES (608,3,8,'2020-04-20');
INSERT IGNORE INTO sales VALUES (609,14,4,'2020-04-13');
INSERT IGNORE INTO sales VALUES (610,10,7,'2020-04-01');
INSERT IGNORE INTO sales VALUES (611,11,5,'2020-04-16');
INSERT IGNORE INTO sales VALUES (612,14,3,'2020-04-04');
INSERT IGNORE INTO sales VALUES (613,14,6,'2020-04-14');
INSERT IGNORE INTO sales VALUES (614,9,3,'2020-04-23');
INSERT IGNORE INTO sales VALUES (615,5,5,'2020-04-22');
INSERT IGNORE INTO sales VALUES (616,14,6,'2020-04-11');
INSERT IGNORE INTO sales VALUES (617,15,4,'2020-04-18');
INSERT IGNORE INTO sales VALUES (618,10,8,'2020-04-26');
INSERT IGNORE INTO sales VALUES (619,15,8,'2020-04-30');
INSERT IGNORE INTO sales VALUES (620,2,5,'2020-04-29');
INSERT IGNORE INTO sales VALUES (621,6,4,'2020-04-06');
INSERT IGNORE INTO sales VALUES (622,1,6,'2020-04-28');
INSERT IGNORE INTO sales VALUES (623,8,8,'2020-04-02');
INSERT IGNORE INTO sales VALUES (624,1,6,'2020-04-01');
INSERT IGNORE INTO sales VALUES (625,5,1,'2020-04-26');
INSERT IGNORE INTO sales VALUES (626,6,2,'2020-04-30');
INSERT IGNORE INTO sales VALUES (627,2,3,'2020-04-19');
INSERT IGNORE INTO sales VALUES (628,7,2,'2020-04-26');
INSERT IGNORE INTO sales VALUES (629,2,8,'2020-04-13');
INSERT IGNORE INTO sales VALUES (630,14,1,'2020-04-17');
INSERT IGNORE INTO sales VALUES (631,15,4,'2020-04-18');
INSERT IGNORE INTO sales VALUES (632,11,4,'2020-04-03');
INSERT IGNORE INTO sales VALUES (633,14,7,'2020-04-06');
INSERT IGNORE INTO sales VALUES (634,9,4,'2020-04-01');
INSERT IGNORE INTO sales VALUES (635,12,2,'2020-04-29');
INSERT IGNORE INTO sales VALUES (636,12,8,'2020-04-17');
INSERT IGNORE INTO sales VALUES (637,14,6,'2020-04-10');
INSERT IGNORE INTO sales VALUES (638,8,2,'2020-04-11');
INSERT IGNORE INTO sales VALUES (639,12,5,'2020-04-29');
INSERT IGNORE INTO sales VALUES (640,9,8,'2020-04-28');
INSERT IGNORE INTO sales VALUES (641,11,2,'2020-04-18');
INSERT IGNORE INTO sales VALUES (642,2,8,'2020-04-23');
INSERT IGNORE INTO sales VALUES (643,11,8,'2020-04-12');
INSERT IGNORE INTO sales VALUES (644,6,5,'2020-04-28');
INSERT IGNORE INTO sales VALUES (645,10,4,'2020-04-23');
INSERT IGNORE INTO sales VALUES (646,5,5,'2020-04-16');
INSERT IGNORE INTO sales VALUES (647,4,7,'2020-04-12');
INSERT IGNORE INTO sales VALUES (648,13,3,'2020-04-01');
INSERT IGNORE INTO sales VALUES (649,15,5,'2020-04-10');
INSERT IGNORE INTO sales VALUES (650,4,3,'2020-04-24');
INSERT IGNORE INTO sales VALUES (651,8,2,'2020-04-02');
INSERT IGNORE INTO sales VALUES (652,4,6,'2020-04-02');
INSERT IGNORE INTO sales VALUES (653,4,8,'2020-04-14');
INSERT IGNORE INTO sales VALUES (654,11,5,'2020-04-09');
INSERT IGNORE INTO sales VALUES (655,13,6,'2020-04-09');
INSERT IGNORE INTO sales VALUES (656,14,1,'2020-04-12');
INSERT IGNORE INTO sales VALUES (657,12,2,'2020-04-03');
INSERT IGNORE INTO sales VALUES (658,10,3,'2020-04-06');
INSERT IGNORE INTO sales VALUES (659,5,7,'2020-04-14');
INSERT IGNORE INTO sales VALUES (660,9,6,'2020-04-05');
INSERT IGNORE INTO sales VALUES (661,13,3,'2020-04-05');
INSERT IGNORE INTO sales VALUES (662,14,7,'2020-04-08');
INSERT IGNORE INTO sales VALUES (663,2,7,'2020-04-07');
INSERT IGNORE INTO sales VALUES (664,8,8,'2020-04-29');
INSERT IGNORE INTO sales VALUES (665,13,7,'2020-04-16');
INSERT IGNORE INTO sales VALUES (666,5,6,'2020-04-14');
INSERT IGNORE INTO sales VALUES (667,7,7,'2020-04-16');
INSERT IGNORE INTO sales VALUES (668,8,3,'2020-04-07');
INSERT IGNORE INTO sales VALUES (669,3,2,'2020-04-22');
INSERT IGNORE INTO sales VALUES (670,4,4,'2020-04-19');
INSERT IGNORE INTO sales VALUES (671,8,5,'2020-04-10');
INSERT IGNORE INTO sales VALUES (672,10,4,'2020-04-25');
INSERT IGNORE INTO sales VALUES (673,14,2,'2020-04-17');
INSERT IGNORE INTO sales VALUES (674,12,8,'2020-04-16');
INSERT IGNORE INTO sales VALUES (675,7,4,'2020-04-27');
INSERT IGNORE INTO sales VALUES (676,6,5,'2020-04-17');
INSERT IGNORE INTO sales VALUES (677,12,7,'2020-04-24');
INSERT IGNORE INTO sales VALUES (678,7,6,'2020-04-15');
INSERT IGNORE INTO sales VALUES (679,8,3,'2020-04-11');
INSERT IGNORE INTO sales VALUES (680,4,2,'2020-04-27');
INSERT IGNORE INTO sales VALUES (681,8,3,'2020-04-01');
INSERT IGNORE INTO sales VALUES (682,12,1,'2020-04-28');
INSERT IGNORE INTO sales VALUES (683,9,2,'2020-04-13');
INSERT IGNORE INTO sales VALUES (684,7,3,'2020-04-02');
INSERT IGNORE INTO sales VALUES (685,7,8,'2020-04-18');
INSERT IGNORE INTO sales VALUES (686,12,5,'2020-04-25');
INSERT IGNORE INTO sales VALUES (687,12,2,'2020-04-29');
INSERT IGNORE INTO sales VALUES (688,13,6,'2020-04-05');
INSERT IGNORE INTO sales VALUES (689,8,6,'2020-04-08');
INSERT IGNORE INTO sales VALUES (690,15,8,'2020-04-08');
INSERT IGNORE INTO sales VALUES (691,3,5,'2020-04-25');
INSERT IGNORE INTO sales VALUES (692,14,1,'2020-04-03');
INSERT IGNORE INTO sales VALUES (693,11,6,'2020-04-10');
INSERT IGNORE INTO sales VALUES (694,6,2,'2020-04-16');
INSERT IGNORE INTO sales VALUES (695,1,7,'2020-04-18');
INSERT IGNORE INTO sales VALUES (696,14,3,'2020-04-09');
INSERT IGNORE INTO sales VALUES (697,2,5,'2020-04-03');
INSERT IGNORE INTO sales VALUES (698,3,2,'2020-04-17');
INSERT IGNORE INTO sales VALUES (699,2,2,'2020-04-19');
INSERT IGNORE INTO sales VALUES (700,4,1,'2020-04-18');
INSERT IGNORE INTO sales VALUES (701,2,1,'2020-04-21');
INSERT IGNORE INTO sales VALUES (702,9,1,'2020-04-13');
INSERT IGNORE INTO sales VALUES (703,12,7,'2020-04-28');
INSERT IGNORE INTO sales VALUES (704,11,2,'2020-04-05');
INSERT IGNORE INTO sales VALUES (705,14,1,'2020-04-10');
INSERT IGNORE INTO sales VALUES (706,7,8,'2020-04-07');
INSERT IGNORE INTO sales VALUES (707,9,4,'2020-04-10');
INSERT IGNORE INTO sales VALUES (708,12,7,'2020-04-14');
INSERT IGNORE INTO sales VALUES (709,13,5,'2020-04-01');
INSERT IGNORE INTO sales VALUES (710,13,1,'2020-04-28');
INSERT IGNORE INTO sales VALUES (711,13,4,'2020-04-17');
INSERT IGNORE INTO sales VALUES (712,14,6,'2020-04-12');
INSERT IGNORE INTO sales VALUES (713,6,3,'2020-04-01');
INSERT IGNORE INTO sales VALUES (714,10,2,'2020-04-17');
INSERT IGNORE INTO sales VALUES (715,4,4,'2020-04-22');
INSERT IGNORE INTO sales VALUES (716,4,5,'2020-04-02');
INSERT IGNORE INTO sales VALUES (717,14,6,'2020-04-09');
INSERT IGNORE INTO sales VALUES (718,6,2,'2020-04-29');
INSERT IGNORE INTO sales VALUES (719,8,4,'2020-04-13');
INSERT IGNORE INTO sales VALUES (720,8,4,'2020-04-03');
INSERT IGNORE INTO sales VALUES (721,3,2,'2020-04-11');
INSERT IGNORE INTO sales VALUES (722,9,3,'2020-04-02');
INSERT IGNORE INTO sales VALUES (723,12,2,'2020-04-17');
INSERT IGNORE INTO sales VALUES (724,15,2,'2020-04-11');
INSERT IGNORE INTO sales VALUES (725,2,2,'2020-04-04');
INSERT IGNORE INTO sales VALUES (726,2,2,'2020-04-13');
INSERT IGNORE INTO sales VALUES (727,6,6,'2020-04-14');
INSERT IGNORE INTO sales VALUES (728,11,2,'2020-04-06');
INSERT IGNORE INTO sales VALUES (729,15,4,'2020-04-27');
INSERT IGNORE INTO sales VALUES (730,9,1,'2020-04-12');
INSERT IGNORE INTO sales VALUES (731,6,4,'2020-04-08');
INSERT IGNORE INTO sales VALUES (732,13,8,'2020-04-30');
INSERT IGNORE INTO sales VALUES (733,13,3,'2020-04-18');
INSERT IGNORE INTO sales VALUES (734,4,5,'2020-04-29');
INSERT IGNORE INTO sales VALUES (735,2,5,'2020-04-29');
INSERT IGNORE INTO sales VALUES (736,7,2,'2020-04-15');
INSERT IGNORE INTO sales VALUES (737,5,1,'2020-04-22');
INSERT IGNORE INTO sales VALUES (738,7,2,'2020-04-24');
INSERT IGNORE INTO sales VALUES (739,3,6,'2020-04-03');
INSERT IGNORE INTO sales VALUES (740,11,1,'2020-04-26');
INSERT IGNORE INTO sales VALUES (741,13,1,'2020-04-21');
INSERT IGNORE INTO sales VALUES (742,3,1,'2020-04-07');
INSERT IGNORE INTO sales VALUES (743,14,3,'2020-04-03');
INSERT IGNORE INTO sales VALUES (744,4,7,'2020-04-03');
INSERT IGNORE INTO sales VALUES (745,11,8,'2020-04-28');
INSERT IGNORE INTO sales VALUES (746,3,6,'2020-04-17');
INSERT IGNORE INTO sales VALUES (747,6,4,'2020-04-09');
INSERT IGNORE INTO sales VALUES (748,13,5,'2020-04-26');
INSERT IGNORE INTO sales VALUES (749,14,6,'2020-04-26');
INSERT IGNORE INTO sales VALUES (750,1,1,'2020-04-10');
INSERT IGNORE INTO sales VALUES (751,4,8,'2020-04-11');
INSERT IGNORE INTO sales VALUES (752,15,3,'2020-04-10');
INSERT IGNORE INTO sales VALUES (753,12,4,'2020-04-25');
INSERT IGNORE INTO sales VALUES (754,12,1,'2020-04-20');
INSERT IGNORE INTO sales VALUES (755,1,6,'2020-04-20');
INSERT IGNORE INTO sales VALUES (756,5,1,'2020-04-01');
INSERT IGNORE INTO sales VALUES (757,14,2,'2020-04-10');
INSERT IGNORE INTO sales VALUES (758,13,3,'2020-04-07');
INSERT IGNORE INTO sales VALUES (759,2,1,'2020-04-30');
INSERT IGNORE INTO sales VALUES (760,2,7,'2020-04-12');
INSERT IGNORE INTO sales VALUES (761,1,4,'2020-04-26');
INSERT IGNORE INTO sales VALUES (762,8,7,'2020-04-18');
INSERT IGNORE INTO sales VALUES (763,3,1,'2020-04-06');
INSERT IGNORE INTO sales VALUES (764,13,2,'2020-04-25');
INSERT IGNORE INTO sales VALUES (765,12,3,'2020-04-06');
INSERT IGNORE INTO sales VALUES (766,13,6,'2020-04-25');
INSERT IGNORE INTO sales VALUES (767,9,1,'2020-04-07');
INSERT IGNORE INTO sales VALUES (768,10,8,'2020-04-10');
INSERT IGNORE INTO sales VALUES (769,3,5,'2020-04-25');
INSERT IGNORE INTO sales VALUES (770,13,7,'2020-04-10');
INSERT IGNORE INTO sales VALUES (771,2,6,'2020-04-01');
INSERT IGNORE INTO sales VALUES (772,4,8,'2020-04-27');
INSERT IGNORE INTO sales VALUES (773,11,8,'2020-04-14');
INSERT IGNORE INTO sales VALUES (774,10,8,'2020-04-30');
INSERT IGNORE INTO sales VALUES (775,10,6,'2020-04-25');
INSERT IGNORE INTO sales VALUES (776,9,4,'2020-04-19');
INSERT IGNORE INTO sales VALUES (777,3,1,'2020-04-26');
INSERT IGNORE INTO sales VALUES (778,9,1,'2020-04-11');
INSERT IGNORE INTO sales VALUES (779,12,4,'2020-04-18');
INSERT IGNORE INTO sales VALUES (780,1,3,'2020-04-24');
INSERT IGNORE INTO sales VALUES (781,5,7,'2020-04-28');
INSERT IGNORE INTO sales VALUES (782,11,7,'2020-04-26');
INSERT IGNORE INTO sales VALUES (783,15,3,'2020-04-10');
INSERT IGNORE INTO sales VALUES (784,6,5,'2020-04-14');
INSERT IGNORE INTO sales VALUES (785,2,2,'2020-04-08');
INSERT IGNORE INTO sales VALUES (786,1,3,'2020-04-06');
INSERT IGNORE INTO sales VALUES (787,7,7,'2020-04-01');
INSERT IGNORE INTO sales VALUES (788,8,4,'2020-04-16');
INSERT IGNORE INTO sales VALUES (789,3,4,'2020-04-23');
INSERT IGNORE INTO sales VALUES (790,7,6,'2020-04-13');
INSERT IGNORE INTO sales VALUES (791,5,8,'2020-04-09');
INSERT IGNORE INTO sales VALUES (792,4,3,'2020-04-09');
INSERT IGNORE INTO sales VALUES (793,11,6,'2020-04-11');
INSERT IGNORE INTO sales VALUES (794,15,8,'2020-04-15');
INSERT IGNORE INTO sales VALUES (795,2,2,'2020-04-22');
INSERT IGNORE INTO sales VALUES (796,3,6,'2020-04-21');
INSERT IGNORE INTO sales VALUES (797,2,6,'2020-04-06');
INSERT IGNORE INTO sales VALUES (798,11,8,'2020-04-20');
INSERT IGNORE INTO sales VALUES (799,11,4,'2020-04-19');
INSERT IGNORE INTO sales VALUES (800,2,5,'2020-04-30');
INSERT IGNORE INTO sales VALUES (801,6,7,'2020-04-15');
INSERT IGNORE INTO sales VALUES (802,2,5,'2020-04-30');
INSERT IGNORE INTO sales VALUES (803,15,6,'2020-04-03');
INSERT IGNORE INTO sales VALUES (804,6,6,'2020-04-16');
INSERT IGNORE INTO sales VALUES (805,12,4,'2020-04-25');
INSERT IGNORE INTO sales VALUES (806,12,6,'2020-04-03');
INSERT IGNORE INTO sales VALUES (807,6,1,'2020-04-26');
INSERT IGNORE INTO sales VALUES (808,6,6,'2020-04-25');
INSERT IGNORE INTO sales VALUES (809,5,4,'2020-04-09');
INSERT IGNORE INTO sales VALUES (810,7,5,'2020-04-03');
INSERT IGNORE INTO sales VALUES (811,9,8,'2020-04-24');
INSERT IGNORE INTO sales VALUES (812,13,1,'2020-04-28');
INSERT IGNORE INTO sales VALUES (813,10,8,'2020-04-23');
INSERT IGNORE INTO sales VALUES (814,3,8,'2020-04-18');
INSERT IGNORE INTO sales VALUES (815,6,4,'2020-04-07');
INSERT IGNORE INTO sales VALUES (816,10,2,'2020-04-12');
INSERT IGNORE INTO sales VALUES (817,11,4,'2020-04-23');
INSERT IGNORE INTO sales VALUES (818,8,4,'2020-04-25');
INSERT IGNORE INTO sales VALUES (819,12,1,'2020-04-24');
INSERT IGNORE INTO sales VALUES (820,14,1,'2020-04-21');
INSERT IGNORE INTO sales VALUES (821,5,3,'2020-04-30');
INSERT IGNORE INTO sales VALUES (822,5,1,'2020-04-22');
INSERT IGNORE INTO sales VALUES (823,1,8,'2020-04-02');
INSERT IGNORE INTO sales VALUES (824,2,3,'2020-04-25');
INSERT IGNORE INTO sales VALUES (825,4,1,'2020-04-20');
INSERT IGNORE INTO sales VALUES (826,15,3,'2020-04-28');
INSERT IGNORE INTO sales VALUES (827,9,2,'2020-04-30');
INSERT IGNORE INTO sales VALUES (828,13,7,'2020-04-09');
INSERT IGNORE INTO sales VALUES (829,13,7,'2020-04-29');
INSERT IGNORE INTO sales VALUES (830,6,5,'2020-04-17');
INSERT IGNORE INTO sales VALUES (831,2,1,'2020-04-23');
INSERT IGNORE INTO sales VALUES (832,8,5,'2020-04-25');
INSERT IGNORE INTO sales VALUES (833,14,7,'2020-04-29');
INSERT IGNORE INTO sales VALUES (834,12,4,'2020-04-04');
INSERT IGNORE INTO sales VALUES (835,12,7,'2020-04-25');
INSERT IGNORE INTO sales VALUES (836,10,6,'2020-04-24');
INSERT IGNORE INTO sales VALUES (837,9,4,'2020-04-20');
INSERT IGNORE INTO sales VALUES (838,5,8,'2020-04-22');
INSERT IGNORE INTO sales VALUES (839,4,6,'2020-04-01');
INSERT IGNORE INTO sales VALUES (840,9,1,'2020-04-19');
INSERT IGNORE INTO sales VALUES (841,14,8,'2020-04-08');
INSERT IGNORE INTO sales VALUES (842,13,7,'2020-04-15');
INSERT IGNORE INTO sales VALUES (843,7,4,'2020-04-08');
INSERT IGNORE INTO sales VALUES (844,5,4,'2020-04-28');
INSERT IGNORE INTO sales VALUES (845,6,5,'2020-04-01');
INSERT IGNORE INTO sales VALUES (846,3,2,'2020-04-29');
INSERT IGNORE INTO sales VALUES (847,4,8,'2020-04-28');
INSERT IGNORE INTO sales VALUES (848,7,4,'2020-04-17');
INSERT IGNORE INTO sales VALUES (849,7,5,'2020-04-15');
INSERT IGNORE INTO sales VALUES (850,12,7,'2020-04-02');
INSERT IGNORE INTO sales VALUES (851,14,1,'2020-04-30');
INSERT IGNORE INTO sales VALUES (852,5,4,'2020-04-26');
INSERT IGNORE INTO sales VALUES (853,6,5,'2020-04-19');
INSERT IGNORE INTO sales VALUES (854,9,4,'2020-04-06');
INSERT IGNORE INTO sales VALUES (855,13,3,'2020-04-01');
INSERT IGNORE INTO sales VALUES (856,5,4,'2020-04-24');
INSERT IGNORE INTO sales VALUES (857,4,2,'2020-04-18');
INSERT IGNORE INTO sales VALUES (858,5,5,'2020-04-16');
INSERT IGNORE INTO sales VALUES (859,5,7,'2020-04-23');
INSERT IGNORE INTO sales VALUES (860,14,5,'2020-04-19');
INSERT IGNORE INTO sales VALUES (861,3,4,'2020-04-23');
INSERT IGNORE INTO sales VALUES (862,14,4,'2020-04-23');
INSERT IGNORE INTO sales VALUES (863,10,1,'2020-04-11');
INSERT IGNORE INTO sales VALUES (864,14,3,'2020-04-01');
INSERT IGNORE INTO sales VALUES (865,2,4,'2020-04-10');
INSERT IGNORE INTO sales VALUES (866,5,3,'2020-04-06');
INSERT IGNORE INTO sales VALUES (867,1,5,'2020-04-26');
INSERT IGNORE INTO sales VALUES (868,1,7,'2020-04-16');
INSERT IGNORE INTO sales VALUES (869,10,8,'2020-04-25');
INSERT IGNORE INTO sales VALUES (870,11,6,'2020-04-07');
INSERT IGNORE INTO sales VALUES (871,9,4,'2020-04-17');
INSERT IGNORE INTO sales VALUES (872,12,1,'2020-04-09');
INSERT IGNORE INTO sales VALUES (873,15,3,'2020-04-06');
INSERT IGNORE INTO sales VALUES (874,15,2,'2020-04-28');
INSERT IGNORE INTO sales VALUES (875,13,6,'2020-04-06');
INSERT IGNORE INTO sales VALUES (876,4,8,'2020-04-09');
INSERT IGNORE INTO sales VALUES (877,7,1,'2020-04-05');
INSERT IGNORE INTO sales VALUES (878,15,2,'2020-04-21');
INSERT IGNORE INTO sales VALUES (879,11,7,'2020-04-21');
INSERT IGNORE INTO sales VALUES (880,13,1,'2020-04-23');
INSERT IGNORE INTO sales VALUES (881,10,1,'2020-04-11');
INSERT IGNORE INTO sales VALUES (882,14,3,'2020-04-13');
INSERT IGNORE INTO sales VALUES (883,13,2,'2020-04-02');
INSERT IGNORE INTO sales VALUES (884,12,2,'2020-04-23');
INSERT IGNORE INTO sales VALUES (885,3,6,'2020-04-04');
INSERT IGNORE INTO sales VALUES (886,7,3,'2020-04-06');
INSERT IGNORE INTO sales VALUES (887,14,3,'2020-04-14');
INSERT IGNORE INTO sales VALUES (888,11,5,'2020-04-19');
INSERT IGNORE INTO sales VALUES (889,1,6,'2020-04-30');
INSERT IGNORE INTO sales VALUES (890,3,2,'2020-04-16');
INSERT IGNORE INTO sales VALUES (891,7,2,'2020-04-21');
INSERT IGNORE INTO sales VALUES (892,2,3,'2020-04-25');
INSERT IGNORE INTO sales VALUES (893,12,1,'2020-04-18');
INSERT IGNORE INTO sales VALUES (894,2,6,'2020-04-27');
INSERT IGNORE INTO sales VALUES (895,10,8,'2020-04-27');
INSERT IGNORE INTO sales VALUES (896,12,4,'2020-04-25');
INSERT IGNORE INTO sales VALUES (897,12,5,'2020-04-03');
INSERT IGNORE INTO sales VALUES (898,15,3,'2020-04-28');
INSERT IGNORE INTO sales VALUES (899,2,8,'2020-04-16');
INSERT IGNORE INTO sales VALUES (900,10,5,'2020-04-20');
INSERT IGNORE INTO sales VALUES (901,5,6,'2020-04-20');
INSERT IGNORE INTO sales VALUES (902,4,3,'2020-04-14');
INSERT IGNORE INTO sales VALUES (903,12,4,'2020-04-14');
INSERT IGNORE INTO sales VALUES (904,12,4,'2020-04-09');
INSERT IGNORE INTO sales VALUES (905,7,1,'2020-04-06');
INSERT IGNORE INTO sales VALUES (906,13,4,'2020-04-17');
INSERT IGNORE INTO sales VALUES (907,7,5,'2020-04-28');
INSERT IGNORE INTO sales VALUES (908,4,3,'2020-04-04');
INSERT IGNORE INTO sales VALUES (909,7,4,'2020-04-29');
INSERT IGNORE INTO sales VALUES (910,4,2,'2020-04-24');
INSERT IGNORE INTO sales VALUES (911,12,6,'2020-04-25');
INSERT IGNORE INTO sales VALUES (912,1,7,'2020-04-12');
INSERT IGNORE INTO sales VALUES (913,7,3,'2020-04-12');
INSERT IGNORE INTO sales VALUES (914,15,4,'2020-04-22');
INSERT IGNORE INTO sales VALUES (915,1,7,'2020-04-10');
INSERT IGNORE INTO sales VALUES (916,6,1,'2020-04-21');
INSERT IGNORE INTO sales VALUES (917,14,6,'2020-04-03');
INSERT IGNORE INTO sales VALUES (918,5,5,'2020-04-13');
INSERT IGNORE INTO sales VALUES (919,7,2,'2020-04-24');
INSERT IGNORE INTO sales VALUES (920,6,5,'2020-04-16');
INSERT IGNORE INTO sales VALUES (921,8,1,'2020-04-05');
INSERT IGNORE INTO sales VALUES (922,3,8,'2020-04-29');
INSERT IGNORE INTO sales VALUES (923,15,5,'2020-04-04');
INSERT IGNORE INTO sales VALUES (924,9,2,'2020-04-11');
INSERT IGNORE INTO sales VALUES (925,2,6,'2020-04-13');
INSERT IGNORE INTO sales VALUES (926,9,8,'2020-04-01');
INSERT IGNORE INTO sales VALUES (927,4,4,'2020-04-03');
INSERT IGNORE INTO sales VALUES (928,9,6,'2020-04-16');
INSERT IGNORE INTO sales VALUES (929,12,2,'2020-04-21');
INSERT IGNORE INTO sales VALUES (930,6,2,'2020-04-08');
INSERT IGNORE INTO sales VALUES (931,4,7,'2020-04-09');
INSERT IGNORE INTO sales VALUES (932,9,3,'2020-04-03');
INSERT IGNORE INTO sales VALUES (933,8,1,'2020-04-13');
INSERT IGNORE INTO sales VALUES (934,10,6,'2020-04-17');
INSERT IGNORE INTO sales VALUES (935,1,1,'2020-04-06');
INSERT IGNORE INTO sales VALUES (936,5,1,'2020-04-09');
INSERT IGNORE INTO sales VALUES (937,1,2,'2020-04-22');
INSERT IGNORE INTO sales VALUES (938,3,3,'2020-04-09');
INSERT IGNORE INTO sales VALUES (939,5,3,'2020-04-24');
INSERT IGNORE INTO sales VALUES (940,2,4,'2020-04-14');
INSERT IGNORE INTO sales VALUES (941,11,4,'2020-04-03');
INSERT IGNORE INTO sales VALUES (942,12,6,'2020-04-23');
INSERT IGNORE INTO sales VALUES (943,15,3,'2020-04-03');
INSERT IGNORE INTO sales VALUES (944,5,6,'2020-04-11');
INSERT IGNORE INTO sales VALUES (945,15,7,'2020-04-09');
INSERT IGNORE INTO sales VALUES (946,15,2,'2020-04-04');
INSERT IGNORE INTO sales VALUES (947,9,6,'2020-04-17');
INSERT IGNORE INTO sales VALUES (948,1,2,'2020-04-15');
INSERT IGNORE INTO sales VALUES (949,1,3,'2020-04-26');
INSERT IGNORE INTO sales VALUES (950,8,2,'2020-04-30');
INSERT IGNORE INTO sales VALUES (951,14,5,'2020-04-03');
INSERT IGNORE INTO sales VALUES (952,7,4,'2020-04-15');
INSERT IGNORE INTO sales VALUES (953,13,8,'2020-04-19');
INSERT IGNORE INTO sales VALUES (954,13,6,'2020-04-18');
INSERT IGNORE INTO sales VALUES (955,12,1,'2020-04-12');
INSERT IGNORE INTO sales VALUES (956,13,6,'2020-04-29');
INSERT IGNORE INTO sales VALUES (957,9,8,'2020-04-01');
INSERT IGNORE INTO sales VALUES (958,9,5,'2020-04-14');
INSERT IGNORE INTO sales VALUES (959,10,5,'2020-04-13');
INSERT IGNORE INTO sales VALUES (960,12,7,'2020-04-12');
INSERT IGNORE INTO sales VALUES (961,4,6,'2020-04-01');
INSERT IGNORE INTO sales VALUES (962,8,5,'2020-04-12');
INSERT IGNORE INTO sales VALUES (963,5,1,'2020-04-12');
INSERT IGNORE INTO sales VALUES (964,8,1,'2020-04-25');
INSERT IGNORE INTO sales VALUES (965,8,4,'2020-04-30');
INSERT IGNORE INTO sales VALUES (966,14,4,'2020-04-02');
INSERT IGNORE INTO sales VALUES (967,8,2,'2020-04-02');
INSERT IGNORE INTO sales VALUES (968,2,7,'2020-04-12');
INSERT IGNORE INTO sales VALUES (969,12,4,'2020-04-05');
INSERT IGNORE INTO sales VALUES (970,3,6,'2020-04-24');
INSERT IGNORE INTO sales VALUES (971,3,8,'2020-04-12');
INSERT IGNORE INTO sales VALUES (972,15,3,'2020-04-01');
INSERT IGNORE INTO sales VALUES (973,13,1,'2020-04-19');
INSERT IGNORE INTO sales VALUES (974,6,1,'2020-04-12');
INSERT IGNORE INTO sales VALUES (975,8,3,'2020-04-10');
INSERT IGNORE INTO sales VALUES (976,11,8,'2020-04-04');
INSERT IGNORE INTO sales VALUES (977,11,3,'2020-04-01');
INSERT IGNORE INTO sales VALUES (978,8,6,'2020-04-28');
INSERT IGNORE INTO sales VALUES (979,11,5,'2020-04-16');
INSERT IGNORE INTO sales VALUES (980,6,4,'2020-04-16');
INSERT IGNORE INTO sales VALUES (981,14,7,'2020-04-06');
INSERT IGNORE INTO sales VALUES (982,12,8,'2020-04-12');
INSERT IGNORE INTO sales VALUES (983,6,4,'2020-04-17');
INSERT IGNORE INTO sales VALUES (984,9,4,'2020-04-11');
INSERT IGNORE INTO sales VALUES (985,10,8,'2020-04-12');
INSERT IGNORE INTO sales VALUES (986,13,2,'2020-04-30');
INSERT IGNORE INTO sales VALUES (987,4,8,'2020-04-14');
INSERT IGNORE INTO sales VALUES (988,8,8,'2020-04-21');
INSERT IGNORE INTO sales VALUES (989,1,4,'2020-04-06');
INSERT IGNORE INTO sales VALUES (990,9,4,'2020-04-01');
INSERT IGNORE INTO sales VALUES (991,8,6,'2020-04-20');
INSERT IGNORE INTO sales VALUES (992,6,8,'2020-04-25');
INSERT IGNORE INTO sales VALUES (993,9,6,'2020-04-29');
INSERT IGNORE INTO sales VALUES (994,6,4,'2020-04-27');
INSERT IGNORE INTO sales VALUES (995,11,1,'2020-04-10');
INSERT IGNORE INTO sales VALUES (996,14,3,'2020-04-27');
INSERT IGNORE INTO sales VALUES (997,10,8,'2020-04-09');
INSERT IGNORE INTO sales VALUES (998,15,8,'2020-04-29');
INSERT IGNORE INTO sales VALUES (999,7,4,'2020-04-25');
INSERT IGNORE INTO sales VALUES (1000,8,3,'2020-04-28');
